536870912,2,UNIFORM UNSIGNED INTEGERS,770176263060270,Inplace,4294967278,440.926,Destructive Radix Select,4294967278,647.354,0
536870912,2,UNIFORM UNSIGNED INTEGERS,750497703863672,Inplace,4294967281,439.944,Destructive Radix Select,4294967281,647.213,0
536870912,2,UNIFORM UNSIGNED INTEGERS,84277886076500,Inplace,4294967285,439.498,Destructive Radix Select,4294967285,647.355,0
536870912,2,UNIFORM UNSIGNED INTEGERS,744446940274158,Inplace,4294967285,440.883,Destructive Radix Select,4294967285,647.244,0
536870912,2,UNIFORM UNSIGNED INTEGERS,82790014556301,Inplace,4294967271,440.204,Destructive Radix Select,4294967271,647.038,0
